-- Initial schema for FastFood App

CREATE TABLE address (
    id BIGINT GENERATED BY DEFAULT AS IDENTITY PRIMARY KEY,
    city VARCHAR(100) NOT NULL,
    street VARCHAR(100) NOT NULL
);

CREATE TABLE branch (
    id BIGINT GENERATED BY DEFAULT AS IDENTITY PRIMARY KEY,
    name VARCHAR(50) NOT NULL,
    address_id BIGINT UNIQUE,
    CONSTRAINT fk_branch_address FOREIGN KEY (address_id) REFERENCES address(id)
);

CREATE TABLE item (
    id BIGINT GENERATED BY DEFAULT AS IDENTITY PRIMARY KEY,
    item_type VARCHAR(31) NOT NULL,
    name VARCHAR(50) NOT NULL UNIQUE,
    name_es VARCHAR(50),
    icon VARCHAR(30),
    image_url VARCHAR(255),
    is_active BOOLEAN NOT NULL,
    price DOUBLE PRECISION,
    discount NUMERIC(2,1),
    version BIGINT
);

CREATE TABLE food_order (
    id BIGINT GENERATED BY DEFAULT AS IDENTITY PRIMARY KEY,
    branch_id BIGINT NOT NULL,
    creation_timestamp TIMESTAMP(6) NOT NULL,
    preparation_start_timestamp TIMESTAMP(6),
    payment_timestamp TIMESTAMP(6),
    state VARCHAR(20),
    version BIGINT,
    CONSTRAINT fk_order_branch FOREIGN KEY (branch_id) REFERENCES branch(id)
);

CREATE TABLE food_order_detail (
    id BIGINT GENERATED BY DEFAULT AS IDENTITY PRIMARY KEY,
    item_id BIGINT NOT NULL,
    quantity INTEGER NOT NULL DEFAULT 1 CHECK (quantity >= 1 AND quantity <= 99),
    historic_price DOUBLE PRECISION NOT NULL,
    CONSTRAINT fk_detail_item FOREIGN KEY (item_id) REFERENCES item(id)
);

CREATE TABLE food_order_food_order_details (
    food_order_id BIGINT NOT NULL,
    food_order_details_id BIGINT NOT NULL UNIQUE,
    CONSTRAINT fk_fo_fod_order FOREIGN KEY (food_order_id) REFERENCES food_order(id),
    CONSTRAINT fk_fo_fod_detail FOREIGN KEY (food_order_details_id) REFERENCES food_order_detail(id)
);

CREATE TABLE inventory (
    id BIGINT GENERATED BY DEFAULT AS IDENTITY PRIMARY KEY,
    branch_id BIGINT NOT NULL,
    item_id BIGINT NOT NULL,
    stock_quantity INTEGER NOT NULL,
    is_available BOOLEAN NOT NULL,
    version BIGINT,
    UNIQUE (branch_id, item_id),
    CONSTRAINT fk_inventory_branch FOREIGN KEY (branch_id) REFERENCES branch(id),
    CONSTRAINT fk_inventory_item FOREIGN KEY (item_id) REFERENCES item(id)
);

CREATE TABLE menu_item (
    menu_id BIGINT NOT NULL,
    item_id BIGINT NOT NULL,
    CONSTRAINT fk_menu_item_menu FOREIGN KEY (menu_id) REFERENCES item(id),
    CONSTRAINT fk_menu_item_item FOREIGN KEY (item_id) REFERENCES item(id)
);

CREATE TABLE users (
    id BIGINT GENERATED BY DEFAULT AS IDENTITY PRIMARY KEY,
    username VARCHAR(255) NOT NULL UNIQUE,
    password VARCHAR(255) NOT NULL,
    enabled BOOLEAN NOT NULL,
    branch_id BIGINT,
    CONSTRAINT fk_user_branch FOREIGN KEY (branch_id) REFERENCES branch(id)
);

CREATE TABLE user_roles (
    user_id BIGINT NOT NULL,
    role VARCHAR(255),
    CONSTRAINT fk_user_roles_user FOREIGN KEY (user_id) REFERENCES users(id)
);

-- SEED DATA
-- 1. Addresses
INSERT INTO address (id, city, street) VALUES 
(1, 'Buenos Aires', 'Av. Corrientes 1234'),
(2, 'Córdoba', 'Calle Colón 500'),
(3, 'Ezeiza', 'Autopista Riccheri km 22');

-- 2. Branches
INSERT INTO branch (id, name, address_id) VALUES 
(1, 'Downtown Central', 1),
(2, 'Old Town Hub', 2),
(3, 'Airport Terminal', 3);

-- 3. Products
INSERT INTO item (id, item_type, name, name_es, icon, image_url, is_active, price, version) VALUES 
(1, 'PRODUCT', 'Classic Burger', 'Hamburguesa Clásica', 'burger', 'https://images.unsplash.com/photo-1568901346375-23c9450c58cd?q=80&w=800&auto=format&fit=crop', true, 8.50, 0),
(2, 'PRODUCT', 'Cheese Deluxe', 'Queso Deluxe', 'burger', 'https://images.unsplash.com/photo-1550547660-d9450f859349?q=80&w=800&auto=format&fit=crop', true, 10.00, 0),
(3, 'PRODUCT', 'Bacon King', 'Rey Tocino', 'burger', 'https://images.unsplash.com/photo-1596662951482-0c4ba74a6df6?q=80&w=800&auto=format&fit=crop', true, 12.50, 0),
(4, 'PRODUCT', 'French Fries (L)', 'Papas Fritas (G)', 'fries', 'https://images.unsplash.com/photo-1573080496219-bb080dd4f877?q=80&w=800&auto=format&fit=crop', true, 4.00, 0),
(5, 'PRODUCT', 'Onion Rings', 'Aros de Cebolla', 'onion-rings', 'https://images.unsplash.com/photo-1639024471283-03518883512d?auto=format&fit=crop&w=800&q=80', true, 4.50, 0),
(6, 'PRODUCT', 'Coca-Cola 500ml', 'Coca-Cola 500ml', 'drink', 'https://images.unsplash.com/photo-1622483767028-3f66f32aef97?q=80&w=800&auto=format&fit=crop', true, 3.00, 0),
(7, 'PRODUCT', 'Craft Beer', 'Cerveza Artesanal', 'beer', 'https://images.unsplash.com/photo-1535958636474-b021ee887b13?q=80&w=800&auto=format&fit=crop', true, 6.00, 0),
(8, 'PRODUCT', 'Vanilla Shake', 'Malteada de Vainilla', 'shake', 'https://images.unsplash.com/photo-1572490122747-3968b75cc699?q=80&w=800&auto=format&fit=crop', true, 5.50, 0),
(9, 'PRODUCT', 'Veggie Burger', 'Hamburguesa Veggie', 'burger', 'https://images.unsplash.com/photo-1520072959219-c595dc870360?q=80&w=800&auto=format&fit=crop', true, 9.50, 0),
(10, 'PRODUCT', 'Double Smash', 'Doble Smash', 'burger', 'https://images.unsplash.com/photo-1586190848861-99aa4a171e90?auto=format&fit=crop&w=800&q=80', true, 11.00, 0),
(14, 'PRODUCT', 'Spicy Chicken', 'Pollo Picante', 'burger', 'https://images.unsplash.com/photo-1525059696034-4967a8e1dca2?q=80&w=800&auto=format&fit=crop', true, 9.00, 0),
(15, 'PRODUCT', 'Hot Dog', 'Pancho', 'combo', 'https://images.unsplash.com/photo-1541214113241-21578d2d9b62?q=80&w=800&auto=format&fit=crop', true, 5.00, 0);

-- 4. Menus
INSERT INTO item (id, item_type, name, name_es, icon, image_url, is_active, discount, version) VALUES 
(11, 'MENU', 'Classic Combo', 'Combo Clásico', 'combo', 'https://images.unsplash.com/photo-1594212699903-ec8a3eca50f5?q=80&w=800&auto=format&fit=crop', true, 0.1, 0),
(12, 'MENU', 'Bacon Lovers Feast', 'Banquete para Amantes del Tocino', 'combo', 'https://images.unsplash.com/photo-1553979459-d2229ba7433b?auto=format&fit=crop&w=800&q=80', true, 0.15, 0),
(13, 'MENU', 'Double Cheese Special', 'Especial Doble Queso', 'combo', 'https://images.unsplash.com/photo-1521305916504-4a1121188589?q=80&w=800&auto=format&fit=crop', true, 0.2, 0);

-- 5. Menu Items
INSERT INTO menu_item (menu_id, item_id) VALUES 
(11, 1), (11, 4), (11, 6),
(12, 3), (12, 5), (12, 7),
(13, 2), (13, 4), (13, 6);

-- 6. Inventory
INSERT INTO inventory (branch_id, item_id, stock_quantity, is_available, version)
SELECT b.id, i.id, 100, true, 0
FROM branch b, item i;

-- 7. Default Users (admin/admin, staff1/admin, staff2/admin)
INSERT INTO users (id, username, password, enabled, branch_id) VALUES
(1, 'admin', '$2a$10$yafJV01hrbBMWhcHU4pqCeOjT9czyBtLQsdaTN14noy7VyTuPBBQS', true, 1),
(2, 'staff1', '$2a$10$yafJV01hrbBMWhcHU4pqCeOjT9czyBtLQsdaTN14noy7VyTuPBBQS', true, 1),
(3, 'staff2', '$2a$10$yafJV01hrbBMWhcHU4pqCeOjT9czyBtLQsdaTN14noy7VyTuPBBQS', true, 2);

INSERT INTO user_roles (user_id, role) VALUES
(1, 'ADMIN'),
(2, 'USER'),
(3, 'USER');

-- RESTART SEQUENCES (Ensures future auto-generated IDs don't collide with seeded IDs)
ALTER TABLE address ALTER COLUMN id RESTART WITH 100;
ALTER TABLE branch ALTER COLUMN id RESTART WITH 100;
ALTER TABLE item ALTER COLUMN id RESTART WITH 100;
ALTER TABLE inventory ALTER COLUMN id RESTART WITH 1000;
ALTER TABLE users ALTER COLUMN id RESTART WITH 100;
ALTER TABLE food_order ALTER COLUMN id RESTART WITH 100;
ALTER TABLE food_order_detail ALTER COLUMN id RESTART WITH 100;
